stop_date,count
38356,1
38375,1
38400,1
38403,1
38407,1
38425,1
38440,1
38446,1
38547,2
38551,2
38552,1
38557,1
38582,1
38598,1
38606,2
38615,1
38624,2
38625,3
38626,28
38627,25
38628,22
38629,18
38630,23
38631,26
38632,27
38633,40
38634,12
38635,38
38636,18
38637,26
38638,14
38639,11
38640,12
38641,30
38642,25
38643,30
38644,26
38645,26
38646,31
38647,29
38648,33
38649,36
38650,8
38651,24
38652,28
38653,35
38654,44
38655,37
38656,23
38657,31
38658,22
38659,40
38660,59
38661,48
38662,37
38663,34
38664,39
38665,29
38666,26
38667,37
38668,32
38669,32
38670,22
38671,31
38672,33
38673,30
38674,20
38675,34
38676,23
38677,21
38678,22
38679,44
38680,12
38681,30
38682,42
38683,36
38684,41
38685,15
38686,18
38687,22
38688,34
38689,40
38690,18
38691,20
38692,24
38693,30
38694,22
38695,11
38696,13
38697,37
38698,30
38699,23
38700,17
38701,30
38702,15
38703,32
38704,29
38705,17
38706,36
38707,20
38708,34
38709,17
38710,18
38711,1
38712,21
38713,24
38714,20
38715,23
38716,19
38717,38
38718,21
38719,41
38720,11
38721,41
38722,28
38723,26
38724,38
38725,35
38726,59
38727,38
38728,31
38729,43
38730,29
38731,16
38732,51
38733,37
38734,29
38735,25
38736,23
38737,39
38738,45
38739,42
38740,10
38741,28
38742,33
38743,22
38744,39
38745,47
38746,42
38747,39
38748,15
38749,20
38750,44
38751,14
38752,29
38753,19
38754,32
38755,22
38756,27
38757,44
38758,23
38759,28
38760,6
38761,23
38762,28
38763,44
38764,19
38765,39
38766,30
38767,23
38768,31
38769,34
38770,22
38771,20
38772,23
38773,26
38774,33
38775,37
38776,22
38777,32
38778,19
38779,18
38780,27
38781,22
38782,36
38783,29
38784,26
38785,38
38786,43
38787,34
38788,19
38789,34
38790,37
38791,34
38792,33
38793,22
38794,22
38795,32
38796,33
38797,38
38798,44
38799,41
38800,25
38801,20
38802,24
38803,34
38804,23
38805,38
38806,22
38807,32
38808,21
38809,41
38810,49
38811,50
38812,26
38813,20
38814,25
38815,17
38816,40
38817,41
38818,18
38819,22
38820,15
38821,37
38822,31
38823,26
38824,22
38825,21
38826,30
38827,22
38828,28
38829,31
38830,44
38831,28
38832,20
38833,30
38834,35
38835,39
38836,35
38837,21
38838,19
38839,33
38840,22
38841,42
38842,22
38843,37
38844,15
38845,25
38846,26
38847,22
38848,24
38849,19
38850,17
38851,16
38852,21
38853,26
38854,21
38855,28
38856,24
38857,23
38858,53
38859,31
38860,25
38861,30
38862,44
38863,35
38864,46
38865,52
38866,43
38867,40
38868,46
38869,24
38870,31
38871,19
38872,34
38873,36
38874,36
38875,19
38876,22
38877,24
38878,35
38879,41
38880,29
38881,48
38882,40
38883,34
38884,27
38885,19
38886,21
38887,26
38888,28
38889,37
38890,28
38891,28
38892,19
38893,7
38894,20
38895,22
38896,20
38897,20
38898,22
38899,26
38900,31
38901,29
38902,28
38903,24
38904,25
38905,25
38906,29
38907,30
38908,24
38909,22
38910,22
38911,50
38912,46
38913,30
38914,28
38915,28
38916,26
38917,21
38918,37
38919,38
38920,21
38921,28
38922,27
38923,21
38924,51
38925,27
38926,25
38927,33
38928,40
38929,31
38930,27
38931,31
38932,28
38933,52
38934,27
38935,22
38936,37
38937,29
38938,23
38939,16
38940,15
38941,16
38942,26
38943,42
38944,20
38945,25
38946,23
38947,25
38948,32
38949,21
38950,27
38951,27
38952,28
38953,32
38954,20
38955,19
38956,35
38957,21
38958,39
38959,25
38960,48
38961,40
38962,28
38963,17
38964,32
38965,33
38966,30
38967,32
38968,33
38969,23
38970,29
38971,32
38972,28
38973,30
38974,10
38975,23
38976,25
38977,20
38978,31
38979,24
38980,27
38981,24
38982,29
38983,18
38984,39
38985,31
38986,21
38987,37
38988,27
38989,22
38990,36
38991,19
38992,39
38993,46
38994,32
38995,29
38996,37
38997,29
38998,35
38999,35
39000,32
39001,24
39002,23
39003,24
39004,37
39005,32
39006,17
39007,29
39008,26
39009,34
39010,21
39011,34
39012,34
39013,19
39014,26
39015,23
39016,26
39017,31
39018,11
39019,39
39020,23
39021,20
39022,19
39023,23
39024,33
39025,31
39026,35
39027,38
39028,24
39029,22
39030,45
39031,22
39032,18
39033,22
39034,24
39035,29
39036,34
39037,25
39038,25
39039,31
39040,30
39041,40
39042,35
39043,23
39044,10
39045,32
39046,41
39047,33
39048,33
39049,23
39050,46
39051,29
39052,34
39053,38
39054,24
39055,34
39056,36
39057,31
39058,24
39059,19
39060,17
39061,17
39062,33
39063,34
39064,25
39065,36
39066,30
39067,45
39068,42
39069,20
39070,24
39071,25
39072,19
39073,26
39074,27
39075,9
39076,2
39077,19
39078,24
39079,32
39080,37
39081,30
39082,30
39083,18
39084,18
39085,29
39086,57
39087,45
39088,32
39089,26
39090,13
39091,43
39092,46
39093,34
39094,35
39095,28
39096,25
39097,36
39098,36
39099,49
39100,33
39101,30
39102,36
39103,31
39104,47
39105,40
39106,41
39107,33
39108,20
39109,23
39110,35
39111,39
39112,31
39113,29
39114,34
39115,14
39116,28
39117,29
39118,43
39119,42
39120,49
39121,47
39122,31
39123,39
39124,45
39125,47
39126,38
39127,9
39128,24
39129,18
39130,22
39131,31
39132,23
39133,26
39134,22
39135,18
39136,20
39137,21
39138,27
39139,21
39140,17
39141,22
39142,15
39143,11
39144,27
39145,37
39146,35
39147,28
39148,23
39149,19
39150,20
39151,18
39152,35
39153,22
39154,32
39155,17
39156,19
39157,8
39158,10
39159,17
39160,31
39161,17
39162,36
39163,31
39164,37
39165,27
39166,24
39167,22
39168,21
39169,25
39170,34
39171,22
39172,21
39173,29
39174,34
39175,42
39176,28
39177,27
39178,34
39179,44
39180,9
39181,32
39182,41
39183,43
39184,15
39185,21
39186,43
39187,20
39188,13
39189,21
39190,15
39191,19
39192,29
39193,28
39194,36
39195,21
39196,37
39197,39
39198,35
39199,21
39200,22
39201,28
39202,34
39203,25
39204,22
39205,15
39206,23
39207,42
39208,28
39209,22
39210,21
39211,22
39212,29
39213,22
39214,32
39215,28
39216,21
39217,22
39218,63
39219,18
39220,21
39221,20
39222,27
39223,41
39224,28
39225,17
39226,17
39227,26
39228,38
39229,31
39230,39
39231,26
39232,45
39233,36
39234,27
39235,16
39236,28
39237,18
39238,42
39239,32
39240,45
39241,35
39242,12
39243,30
39244,30
39245,33
39246,32
39247,33
39248,36
39249,21
39250,21
39251,19
39252,31
39253,23
39254,27
39255,27
39256,33
39257,29
39258,34
39259,29
39260,23
39261,12
39262,29
39263,19
39264,23
39265,22
39266,34
39267,21
39268,17
39269,25
39270,36
39271,16
39272,30
39273,29
39274,27
39275,19
39276,27
39277,24
39278,28
39279,26
39280,27
39281,23
39282,14
39283,30
39284,37
39285,24
39286,24
39287,23
39288,33
39289,22
39290,26
39291,26
39292,28
39293,22
39294,29
39295,14
39296,39
39297,33
39298,29
39299,30
39300,19
39301,33
39302,31
39303,23
39304,20
39305,32
39306,16
39307,19
39308,20
39309,20
39310,16
39311,26
39312,18
39313,21
39314,31
39315,23
39316,20
39317,27
39318,30
39319,21
39320,27
39321,19
39322,19
39323,21
39324,28
39325,19
39326,35
39327,31
39328,35
39329,24
39330,20
39331,27
39332,36
39333,28
39334,21
39335,24
39336,19
39337,17
39338,29
39339,17
39340,28
39341,21
39342,25
39343,18
39344,30
39345,27
39346,25
39347,23
39348,19
39349,36
39350,18
39351,19
39352,32
39353,22
39354,13
39355,22
39356,30
39357,36
39358,24
39359,23
39360,20
39361,15
39362,29
39363,30
39364,21
39365,26
39366,28
39367,15
39368,32
39369,25
39370,28
39371,18
39372,18
39373,18
39374,21
39375,28
39376,31
39377,19
39378,35
39379,23
39380,25
39381,36
39382,8
39383,20
39384,17
39385,19
39386,16
39387,22
39388,20
39389,14
39390,30
39391,17
39392,22
39393,27
39394,24
39395,24
39396,20
39397,26
39398,44
39399,17
39400,28
39401,20
39402,27
39403,32
39404,36
39405,21
39406,21
39407,23
39408,16
39409,32
39410,25
39411,27
39412,27
39413,26
39414,40
39415,30
39416,36
39417,36
39418,24
39419,24
39420,28
39421,26
39422,41
39423,37
39424,26
39425,30
39426,16
39427,34
39428,33
39429,6
39430,17
39431,24
39432,6
39433,17
39434,11
39435,18
39436,14
39437,20
39438,19
39439,14
39440,4
39441,1
39442,8
39443,26
39444,22
39445,23
39446,23
39447,23
39448,18
39449,24
39450,18
39451,23
39452,32
39453,30
39454,38
39455,41
39456,22
39457,23
39458,24
39459,30
39460,30
39461,16
39462,29
39463,24
39464,25
39465,24
39466,23
39467,30
39468,17
39469,24
39470,40
39471,46
39472,16
39473,35
39474,15
39475,40
39476,33
39477,33
39478,19
39479,17
39480,19
39481,13
39482,29
39483,18
39484,20
39485,28
39486,43
39487,20
39488,27
39489,27
39490,23
39491,7
39492,22
39493,30
39494,22
39495,31
39496,13
39497,22
39498,28
39499,20
39500,12
39501,13
39502,16
39503,22
39504,16
39505,22
39506,27
39507,27
39508,19
39509,23
39510,17
39511,21
39512,20
39513,27
39514,16
39515,5
39516,32
39517,24
39518,18
39519,13
39520,12
39521,16
39522,23
39523,21
39524,26
39525,28
39526,15
39527,28
39528,18
39529,28
39530,17
39531,17
39532,21
39533,19
39534,36
39535,28
39536,25
39537,29
39538,14
39539,11
39540,37
39541,24
39542,17
39543,30
39544,27
39545,24
39546,42
39547,22
39548,39
39549,28
39550,15
39551,28
39552,27
39553,21
39554,14
39555,26
39556,21
39557,27
39558,18
39559,24
39560,24
39561,22
39562,24
39563,21
39564,25
39565,26
39566,14
39567,24
39568,25
39569,27
39570,24
39571,30
39572,18
39573,20
39574,21
39575,32
39576,24
39577,15
39578,17
39579,22
39580,32
39581,23
39582,33
39583,21
39584,16
39585,15
39586,26
39587,28
39588,20
39589,26
39590,31
39591,33
39592,42
39593,39
39594,47
39595,24
39596,26
39597,26
39598,30
39599,30
39600,17
39601,14
39602,26
39603,17
39604,18
39605,21
39606,31
39607,33
39608,29
39609,27
39610,16
39611,22
39612,20
39613,33
39614,34
39615,21
39616,26
39617,23
39618,30
39619,26
39620,29
39621,28
39622,20
39623,16
39624,17
39625,14
39626,21
39627,22
39628,34
39629,27
39630,14
39631,22
39632,24
39633,28
39634,32
39635,27
39636,26
39637,24
39638,25
39639,22
39640,25
39641,26
39642,21
39643,17
39644,16
39645,19
39646,18
39647,34
39648,27
39649,28
39650,24
39651,20
39652,22
39653,15
39654,30
39655,20
39656,30
39657,27
39658,20
39659,15
39660,21
39661,22
39662,25
39663,27
39664,20
39665,35
39666,22
39667,26
39668,49
39669,37
39670,40
39671,20
39672,11
39673,19
39674,17
39675,22
39676,24
39677,18
39678,23
39679,22
39680,24
39681,26
39682,28
39683,28
39684,23
39685,26
39686,21
39687,25
39688,26
39689,56
39690,36
39691,47
39692,35
39693,27
39694,19
39695,31
39696,21
39697,20
39698,24
39699,14
39700,20
39701,15
39702,31
39703,38
39704,53
39705,31
39706,35
39707,17
39708,31
39709,21
39710,18
39711,16
39712,17
39713,22
39714,28
39715,26
39716,28
39717,22
39718,12
39719,10
39720,18
39721,20
39722,24
39723,25
39724,20
39725,25
39726,12
39727,25
39728,41
39729,27
39730,21
39731,29
39732,18
39733,27
39734,29
39735,33
39736,19
39737,35
39738,30
39739,24
39740,32
39741,25
39742,37
39743,43
39744,33
39745,38
39746,24
39747,21
39748,29
39749,23
39750,28
39751,21
39752,22
39753,31
39754,28
39755,38
39756,32
39757,32
39758,20
39759,25
39760,9
39761,33
39762,18
39763,23
39764,31
39765,29
39766,19
39767,14
39768,25
39769,19
39770,36
39771,22
39772,25
39773,27
39774,26
39775,11
39776,31
39777,11
39778,31
39779,11
39780,37
39781,20
39782,17
39783,21
39784,19
39785,32
39786,18
39787,24
39788,20
39789,16
39790,26
39791,29
39792,18
39793,17
39794,15
39795,24
39796,16
39797,23
39798,31
39799,23
39800,17
39801,16
39802,10
39803,7
39804,18
39805,18
39806,10
39807,2
39808,28
39809,31
39810,24
39811,18
39812,26
39813,19
39814,10
39815,21
39816,25
39817,25
39818,20
39819,28
39820,18
39821,30
39822,27
39823,31
39824,23
39825,23
39826,21
39827,31
39828,29
39829,23
39830,39
39831,11
39832,20
39833,29
39834,27
39835,24
39836,29
39837,22
39838,21
39839,30
39840,23
39841,12
39842,16
39843,23
39844,14
39845,23
39846,12
39847,14
39848,26
39849,18
39850,28
39851,33
39852,25
39853,27
39854,24
39855,35
39856,21
39857,35
39858,26
39859,32
39860,25
39861,34
39862,19
39863,12
39864,20
39865,36
39866,18
39867,33
39868,30
39869,33
39870,19
39871,27
39872,20
39873,13
39874,4
39875,21
39876,23
39877,18
39878,33
39879,20
39880,34
39881,23
39882,25
39883,22
39884,18
39885,26
39886,25
39887,35
39888,20
39889,21
39890,35
39891,23
39892,26
39893,22
39894,27
39895,26
39896,37
39897,24
39898,21
39899,33
39900,25
39901,26
39902,32
39903,29
39904,20
39905,22
39906,11
39907,24
39908,29
39909,18
39910,27
39911,46
39912,26
39913,25
39914,14
39915,12
39916,25
39917,36
39918,24
39919,18
39920,29
39921,20
39922,31
39923,30
39924,18
39925,18
39926,27
39927,33
39928,28
39929,24
39930,23
39931,11
39932,20
39933,12
39934,12
39935,19
39936,17
39937,23
39938,26
39939,16
39940,28
39941,30
39942,23
39943,20
39944,23
39945,12
39946,23
39947,17
39948,16
39949,17
39950,19
39951,19
39952,27
39953,36
39954,25
39955,25
39956,28
39957,24
39958,44
39959,26
39960,25
39961,15
39962,18
39963,25
39964,26
39965,29
39966,34
39967,31
39968,26
39969,24
39970,32
39971,33
39972,25
39973,26
39974,22
39975,24
39976,21
39977,27
39978,12
39979,27
39980,32
39981,27
39982,16
39983,20
39984,17
39985,14
39986,12
39987,23
39988,24
39989,18
39990,20
39991,26
39992,28
39993,21
39994,24
39995,18
39996,25
39997,20
39998,36
39999,31
40000,29
40001,24
40002,26
40003,18
40004,17
40005,19
40006,16
40007,22
40008,21
40009,20
40010,24
40011,23
40012,20
40013,25
40014,14
40015,10
40016,8
40017,20
40018,24
40019,29
40020,16
40021,21
40022,17
40023,16
40024,41
40025,26
40026,18
40027,12
40028,16
40029,20
40030,20
40031,20
40032,30
40033,21
40034,17
40035,25
40036,21
40037,19
40038,21
40039,14
40040,14
40041,8
40042,16
40043,22
40044,22
40045,17
40046,23
40047,11
40048,16
40049,14
40050,34
40051,19
40052,21
40053,11
40054,12
40055,19
40056,22
40057,22
40058,30
40059,14
40060,28
40061,33
40062,32
40063,25
40064,18
40065,14
40066,27
40067,17
40068,7
40069,8
40070,21
40071,13
40072,22
40073,21
40074,19
40075,22
40076,22
40077,19
40078,15
40079,31
40080,23
40081,24
40082,14
40083,13
40084,11
40085,17
40086,23
40087,13
40088,14
40089,10
40090,15
40091,19
40092,21
40093,9
40094,19
40095,17
40096,30
40097,26
40098,23
40099,16
40100,9
40101,15
40102,9
40103,9
40104,5
40105,19
40106,22
40107,19
40108,16
40109,16
40110,14
40111,8
40112,16
40113,16
40114,9
40115,30
40116,9
40117,15
40118,19
40119,15
40120,27
40121,15
40122,18
40123,9
40124,27
40125,13
40126,16
40127,20
40128,18
40129,12
40130,17
40131,7
40132,15
40133,27
40134,27
40135,25
40136,17
40137,15
40138,17
40139,27
40140,15
40141,14
40142,27
40143,19
40144,11
40145,22
40146,19
40147,24
40148,19
40149,17
40150,30
40151,18
40152,25
40153,22
40154,36
40155,29
40156,8
40157,23
40158,31
40159,22
40160,8
40161,27
40162,19
40163,24
40164,32
40165,14
40166,16
40167,1
40168,14
40169,19
40170,21
40171,6
40173,23
40174,14
40175,22
40176,26
40177,22
40178,17
40179,14
40180,16
40181,12
40182,25
40183,22
40184,32
40185,18
40186,17
40187,31
40188,27
40189,26
40190,28
40191,24
40192,23
40193,30
40194,18
40195,18
40196,28
40197,14
40198,30
40199,23
40200,23
40201,20
40202,25
40203,13
40204,26
40205,29
40206,28
40207,18
40208,33
40209,27
40210,34
40211,46
40212,31
40213,15
40214,16
40215,23
40216,24
40217,29
40218,26
40219,12
40220,23
40221,24
40222,24
40223,27
40224,25
40225,18
40226,27
40227,24
40228,20
40229,32
40230,20
40231,31
40232,37
40233,14
40234,13
40235,25
40236,30
40237,32
40238,24
40239,30
40240,21
40241,30
40242,19
40243,38
40244,17
40245,19
40246,40
40247,30
40248,30
40249,24
40250,11
40251,7
40252,7
40253,27
40254,13
40255,13
40256,14
40257,21
40258,20
40259,29
40260,11
40261,20
40262,26
40263,29
40264,27
40265,25
40266,9
40267,12
40268,4
40269,12
40270,15
40271,18
40272,11
40273,19
40274,33
40275,36
40276,27
40277,23
40278,26
40279,26
40280,25
40281,35
40282,24
40283,26
40284,17
40285,20
40286,20
40287,20
40288,21
40289,25
40290,20
40291,25
40292,15
40293,16
40294,14
40295,23
40296,19
40297,21
40298,19
40299,16
40300,25
40301,23
40302,23
40303,18
40304,15
40305,22
40306,26
40307,22
40308,29
40309,26
40310,29
40311,28
40312,16
40313,24
40314,18
40315,11
40316,13
40317,37
40318,20
40319,12
40320,17
40321,25
40322,27
40323,21
40324,32
40325,31
40326,14
40327,25
40328,23
40329,39
40330,35
40331,34
40332,28
40333,11
40334,23
40335,22
40336,36
40337,23
40338,30
40339,18
40340,18
40341,22
40342,10
40343,31
40344,35
40345,29
40346,19
40347,16
40348,29
40349,24
40350,21
40351,19
40352,20
40353,23
40354,18
40355,24
40356,28
40357,17
40358,15
40359,20
40360,21
40361,35
40362,27
40363,27
40364,15
40365,25
40366,20
40367,17
40368,14
40369,21
40370,16
40371,15
40372,25
40373,21
40374,40
40375,11
40376,19
40377,20
40378,31
40379,34
40380,20
40381,26
40382,17
40383,19
40384,15
40385,25
40386,20
40387,16
40388,11
40389,13
40390,21
40391,22
40392,21
40393,13
40394,24
40395,6
40396,19
40397,18
40398,21
40399,33
40400,23
40401,25
40402,23
40403,24
40404,15
40405,12
40406,13
40407,19
40408,22
40409,23
40410,23
40411,18
40412,6
40413,16
40414,10
40415,17
40416,21
40417,19
40418,22
40419,11
40420,22
40421,22
40422,18
40423,18
40424,17
40425,18
40426,19
40427,28
40428,32
40429,20
40430,32
40431,19
40432,25
40433,30
40434,18
40435,16
40436,20
40437,11
40438,27
40439,36
40440,25
40441,22
40442,13
40443,14
40444,23
40445,18
40446,20
40447,21
40448,25
40449,18
40450,23
40451,27
40452,15
40453,8
40454,12
40455,10
40456,16
40457,15
40458,16
40459,21
40460,15
40461,19
40462,22
40463,22
40464,15
40465,12
40466,13
40467,16
40468,19
40469,31
40470,20
40471,21
40472,21
40473,13
40474,20
40475,19
40476,15
40477,13
40478,16
40479,16
40480,9
40481,14
40482,12
40483,15
40484,22
40485,25
40486,11
40487,14
40488,24
40489,15
40490,10
40491,14
40492,33
40493,26
40494,30
40495,23
40496,21
40497,18
40498,35
40499,12
40500,25
40501,14
40502,29
40503,11
40504,20
40505,20
40506,29
40507,4
40508,22
40509,23
40510,19
40511,26
40512,24
40513,16
40514,15
40515,21
40516,22
40517,29
40518,19
40519,19
40520,20
40521,16
40522,21
40523,20
40524,6
40525,17
40526,24
40527,19
40528,24
40529,20
40530,11
40531,12
40532,22
40533,10
40534,15
40535,17
40536,8
40537,1
40538,1
40539,5
40540,20
40541,30
40542,11
40543,27
40544,34
40545,24
40546,22
40547,18
40548,32
40549,19
40550,22
40551,19
40552,17
40553,19
40554,29
40555,1
40556,24
40557,18
40558,18
40559,21
40560,31
40561,6
40562,19
40563,20
40564,8
40565,24
40566,13
40567,13
40568,6
40569,5
40570,16
40571,19
40572,27
40573,15
40574,16
40575,2
40576,5
40577,25
40578,13
40579,9
40580,14
40581,13
40582,19
40583,28
40584,31
40585,26
40586,18
40587,17
40588,32
40589,28
40590,26
40591,10
40592,21
40593,17
40594,10
40595,16
40596,18
40597,30
40598,17
40599,22
40600,24
40601,20
40602,13
40603,18
40604,21
40605,15
40606,21
40607,15
40608,6
40609,16
40610,18
40611,28
40612,14
40613,13
40614,13
40615,26
40616,18
40617,15
40618,21
40619,25
40620,27
40621,18
40622,12
40623,16
40624,25
40625,27
40626,21
40627,32
40628,38
40629,25
40630,25
40631,34
40632,28
40633,11
40634,17
40635,14
40636,28
40637,29
40638,26
40639,17
40640,23
40641,22
40642,20
40643,23
40644,27
40645,25
40646,15
40647,24
40648,12
40649,32
40650,13
40651,18
40652,25
40653,29
40654,26
40655,20
40656,15
40657,5
40658,16
40659,12
40660,24
40661,16
40662,22
40663,18
40664,24
40665,8
40666,33
40667,13
40668,26
40669,20
40670,26
40671,23
40672,30
40673,24
40674,24
40675,25
40676,11
40677,16
40678,34
40679,32
40680,30
40681,14
40682,13
40683,25
40684,21
40685,31
40686,19
40687,19
40688,21
40689,15
40690,17
40691,33
40692,18
40693,18
40694,30
40695,22
40696,18
40697,25
40698,28
40699,28
40700,19
40701,21
40702,30
40703,29
40704,27
40705,24
40706,15
40707,19
40708,30
40709,29
40710,29
40711,18
40712,22
40713,21
40714,32
40715,32
40716,23
40717,16
40718,23
40719,16
40720,17
40721,28
40722,20
40723,38
40724,18
40725,25
40726,32
40727,31
40728,22
40729,21
40730,24
40731,28
40732,16
40733,24
40734,19
40735,22
40736,30
40737,15
40738,35
40739,28
40740,27
40741,24
40742,22
40743,29
40744,11
40745,35
40746,34
40747,15
40748,16
40749,15
40750,25
40751,27
40752,23
40753,12
40754,13
40755,16
40756,24
40757,24
40758,34
40759,16
40760,17
40761,18
40762,7
40763,29
40764,35
40765,19
40766,33
40767,24
40768,30
40769,24
40770,18
40771,18
40772,27
40773,26
40774,23
40775,32
40776,41
40777,20
40778,26
40779,37
40780,23
40781,25
40782,14
40783,2
40784,13
40785,12
40786,41
40787,41
40788,47
40789,62
40790,54
40791,29
40792,17
40793,24
40794,20
40795,26
40796,31
40797,21
40798,27
40799,31
40800,41
40801,32
40802,32
40803,30
40804,25
40805,23
40806,23
40807,31
40808,15
40809,16
40810,16
40811,14
40812,22
40813,35
40814,31
40815,19
40816,26
40817,20
40818,27
40819,20
40820,26
40821,17
40822,20
40823,24
40824,34
40825,14
40826,25
40827,25
40828,13
40829,24
40830,24
40831,23
40832,22
40833,25
40834,25
40835,18
40836,14
40837,28
40838,32
40839,25
40840,22
40841,32
40842,19
40843,13
40844,24
40845,21
40846,11
40847,30
40848,30
40849,20
40850,27
40851,32
40852,26
40853,25
40854,25
40855,21
40856,24
40857,18
40858,15
40859,22
40860,24
40861,29
40862,20
40863,18
40864,29
40865,29
40866,39
40867,30
40868,31
40869,31
40870,26
40871,9
40872,38
40873,45
40874,34
40875,18
40876,38
40877,24
40878,38
40879,22
40880,16
40881,17
40882,34
40883,22
40884,25
40885,17
40886,24
40887,11
40888,30
40889,26
40890,47
40891,24
40892,25
40893,20
40894,24
40895,23
40896,24
40897,24
40898,17
40899,34
40900,16
40901,10
40902,1
40903,26
40904,16
40905,28
40906,35
40907,23
40908,35
40909,39
40910,46
40911,23
40912,22
40913,33
40914,37
40915,53
40916,48
40917,42
40918,37
40919,47
40920,21
40921,44
40922,41
40923,25
40924,42
40925,34
40926,34
40927,24
40928,29
40929,10
40930,24
40931,47
40932,44
40933,42
40934,42
40935,29
40936,40
40937,45
40938,28
40939,29
40940,44
40941,41
40942,37
40943,44
40944,30
40945,39
40946,35
40947,42
40948,32
40949,38
40950,28
40951,49
40952,37
40953,35
40954,50
40955,33
40956,28
40957,45
40958,40
40959,43
40960,36
40961,56
40962,31
40963,23
40964,38
40965,38
40966,45
40967,49
40968,29
40969,30
40970,45
40971,29
40972,38
40973,35
40974,44
40975,41
40976,36
40977,42
40978,31
40979,41
40980,36
40981,38
40982,31
40983,46
40984,40
40985,45
40986,41
40987,44
40988,48
40989,44
40990,31
40991,39
40992,46
40993,27
40994,23
40995,29
40996,32
40997,33
40998,42
40999,36
41000,32
41001,32
41002,30
41003,31
41004,37
41005,44
41006,34
41007,14
41008,47
41009,36
41010,33
41011,27
41012,28
41013,36
41014,45
41015,31
41016,36
41017,33
41018,38
41019,33
41020,46
41021,29
41022,26
41023,36
41024,35
41025,20
41026,21
41027,33
41028,33
41029,48
41030,32
41031,7
41032,21
41033,41
41034,34
41035,35
41036,29
41037,23
41038,13
41039,50
41040,40
41041,45
41042,32
41043,25
41044,23
41045,32
41046,30
41047,28
41048,27
41049,31
41050,24
41051,36
41052,44
41053,30
41054,36
41055,56
41056,44
41057,41
41058,34
41059,36
41060,34
41061,35
41062,30
41063,46
41064,29
41065,34
41066,19
41067,22
41068,30
41069,48
41070,40
41071,24
41072,34
41073,15
41074,38
41075,33
41076,36
41077,27
41078,28
41079,23
41080,32
41081,21
41082,37
41083,34
41084,38
41085,29
41086,29
41087,24
41088,38
41089,29
41090,36
41091,28
41092,38
41093,37
41094,32
41095,33
41096,44
41097,26
41098,38
41099,33
41100,30
41101,25
41102,31
41103,33
41104,39
41105,39
41106,30
41107,32
41108,40
41109,44
41110,26
41111,42
41112,45
41113,29
41114,29
41115,24
41116,22
41117,28
41118,18
41119,26
41120,35
41121,17
41122,11
41123,37
41124,26
41125,38
41126,32
41127,29
41128,32
41129,29
41130,30
41131,32
41132,35
41133,27
41134,32
41135,33
41136,27
41137,26
41138,35
41139,15
41140,22
41141,30
41142,43
41143,32
41144,17
41145,18
41146,44
41147,36
41148,23
41149,32
41150,30
41151,29
41152,28
41153,33
41154,24
41155,51
41156,23
41157,17
41158,38
41159,46
41160,37
41161,26
41162,34
41163,23
41164,24
41165,25
41166,23
41167,32
41168,18
41169,15
41170,21
41171,18
41172,17
41173,25
41174,23
41175,21
41176,19
41177,24
41178,21
41179,25
41180,17
41181,11
41182,18
41183,37
41184,19
41185,26
41186,24
41187,23
41188,19
41189,23
41190,24
41191,21
41192,20
41193,23
41194,21
41195,36
41196,33
41197,22
41198,36
41199,24
41200,9
41201,17
41202,17
41203,32
41204,19
41205,16
41206,19
41207,23
41208,21
41209,27
41210,25
41211,2
41212,11
41213,18
41214,18
41215,27
41216,21
41217,18
41218,37
41219,15
41220,18
41221,11
41222,23
41223,22
41224,24
41225,35
41226,16
41227,18
41228,23
41229,27
41230,16
41231,30
41232,25
41233,22
41234,31
41235,10
41236,32
41237,41
41238,32
41239,31
41240,17
41241,18
41242,23
41243,35
41244,16
41245,18
41246,17
41247,25
41248,25
41249,31
41250,26
41251,23
41252,40
41253,9
41254,12
41255,14
41256,21
41257,20
41258,29
41259,23
41260,14
41261,20
41262,18
41263,25
41264,11
41265,20
41266,16
41267,7
41269,16
41270,12
41271,23
41272,19
41273,13
41274,20
41275,19
41276,20
41277,9
41278,20
41279,32
41280,43
41281,20
41282,21
41283,27
41284,23
41285,29
41286,33
41287,32
41288,29
41289,24
41290,3
41291,25
41292,24
41293,50
41294,32
41295,29
41296,30
41297,15
41298,17
41299,20
41300,30
41301,29
41302,9
41303,18
41304,18
41305,19
41306,27
41307,25
41308,14
41309,28
41310,22
41311,26
41312,15
41313,8
41314,4
41315,4
41316,10
41317,17
41318,22
41319,25
41320,22
41321,24
41322,13
41323,30
41324,19
41325,15
41326,12
41327,31
41328,21
41329,16
41330,29
41331,13
41332,6
41333,15
41334,24
41335,37
41336,21
41337,12
41338,22
41339,12
41340,7
41341,10
41342,27
41343,21
41344,30
41345,16
41346,29
41347,19
41348,15
41349,24
41350,46
41351,17
41352,15
41353,32
41354,33
41355,31
41356,26
41357,30
41358,23
41359,20
41360,21
41361,13
41362,30
41363,38
41364,9
41365,25
41366,25
41367,15
41368,12
41369,28
41370,31
41371,17
41372,20
41373,26
41374,13
41375,23
41376,21
41377,36
41378,33
41379,21
41380,10
41381,17
41382,13
41383,10
41384,23
41385,15
41386,15
41387,18
41388,28
41389,22
41390,21
41391,26
41392,17
41393,37
41394,22
41395,21
41396,23
41397,21
41398,32
41399,18
41400,19
41401,23
41402,16
41403,19
41404,25
41405,26
41406,20
41407,23
41408,17
41409,12
41410,19
41411,18
41412,24
41413,21
41414,23
41415,32
41416,16
41417,32
41418,29
41419,32
41420,42
41421,28
41422,13
41423,19
41424,29
41425,26
41426,36
41427,23
41428,23
41429,19
41430,29
41431,22
41432,14
41433,13
41434,28
41435,21
41436,19
41437,20
41438,14
41439,16
41440,22
41441,27
41442,21
41443,20
41444,26
41445,29
41446,23
41447,20
41448,28
41449,17
41450,25
41451,20
41452,29
41453,25
41454,21
41455,28
41456,28
41457,20
41458,20
41459,22
41460,17
41461,26
41462,29
41463,17
41464,22
41465,26
41466,18
41467,19
41468,29
41469,14
41470,28
41471,24
41472,22
41473,20
41474,16
41475,29
41476,37
41477,12
41478,13
41479,22
41480,16
41481,19
41482,18
41483,23
41484,14
41485,24
41486,15
41487,20
41488,22
41489,34
41490,28
41491,22
41492,17
41493,17
41494,21
41495,15
41496,28
41497,22
41498,24
41499,12
41500,18
41501,22
41502,19
41503,31
41504,34
41505,19
41506,26
41507,21
41508,19
41509,22
41510,36
41511,24
41512,15
41513,20
41514,19
41515,23
41516,35
41517,30
41518,27
41519,15
41520,18
41521,31
41522,36
41523,28
41524,27
41525,38
41526,23
41527,17
41528,24
41529,17
41530,16
41531,34
41532,25
41533,18
41534,12
41535,24
41536,19
41537,23
41538,19
41539,25
41540,23
41541,21
41542,25
41543,29
41544,29
41545,30
41546,42
41547,24
41548,18
41549,17
41550,17
41551,24
41552,29
41553,18
41554,17
41555,25
41556,21
41557,17
41558,24
41559,19
41560,36
41561,20
41562,20
41563,19
41564,21
41565,23
41566,27
41567,23
41568,25
41569,21
41570,13
41571,17
41572,9
41573,19
41574,18
41575,12
41576,22
41577,19
41578,15
41579,15
41580,25
41581,21
41582,18
41583,19
41584,13
41585,20
41586,17
41587,26
41588,29
41589,31
41590,9
41591,21
41592,18
41593,17
41594,31
41595,22
41596,22
41597,17
41598,33
41599,20
41600,24
41601,27
41602,32
41603,28
41604,27
41605,17
41606,2
41607,27
41608,25
41609,12
41610,25
41611,21
41612,21
41613,24
41614,26
41615,16
41616,40
41617,12
41618,18
41619,24
41620,29
41621,26
41622,25
41623,18
41624,20
41625,15
41626,19
41627,23
41628,21
41629,24
41630,20
41631,14
41632,2
41634,19
41635,32
41636,33
41637,23
41638,36
41639,23
41640,30
41641,6
41642,6
41643,23
41644,28
41645,33
41646,24
41647,29
41648,37
41649,15
41650,26
41651,52
41652,27
41653,23
41654,22
41655,29
41656,39
41657,45
41658,49
41659,25
41660,11
41661,11
41662,38
41663,30
41664,38
41665,17
41666,38
41667,13
41668,24
41669,36
41670,36
41671,30
41672,39
41673,21
41674,27
41675,8
41676,25
41677,31
41678,29
41679,25
41680,16
41681,37
41682,36
41683,6
41684,19
41685,14
41686,22
41687,38
41688,14
41689,17
41690,19
41691,31
41692,45
41693,52
41694,31
41695,29
41696,19
41697,11
41698,27
41699,35
41700,30
41701,26
41702,27
41703,12
41704,19
41705,35
41706,43
41707,45
41708,18
41709,24
41710,13
41711,22
41712,23
41713,34
41714,35
41715,13
41716,20
41717,23
41718,23
41719,21
41720,33
41721,28
41722,22
41723,39
41724,19
41725,31
41726,36
41727,35
41728,17
41729,26
41730,19
41731,15
41732,22
41733,27
41734,33
41735,35
41736,14
41737,15
41738,16
41739,16
41740,29
41741,39
41742,35
41743,18
41744,16
41745,21
41746,26
41747,35
41748,33
41749,4
41750,22
41751,17
41752,17
41753,40
41754,37
41755,30
41756,27
41757,20
41758,35
41759,21
41760,11
41761,21
41762,36
41763,19
41764,19
41765,26
41766,17
41767,27
41768,21
41769,28
41770,25
41771,18
41772,27
41773,23
41774,23
41775,27
41776,31
41777,39
41778,28
41779,22
41780,29
41781,21
41782,28
41783,29
41784,31
41785,34
41786,22
41787,15
41788,16
41789,39
41790,22
41791,36
41792,26
41793,31
41794,12
41795,25
41796,27
41797,28
41798,41
41799,28
41800,26
41801,20
41802,28
41803,23
41804,36
41805,27
41806,27
41807,27
41808,32
41809,22
41810,35
41811,28
41812,23
41813,31
41814,23
41815,28
41816,27
41817,32
41818,38
41819,35
41820,25
41821,25
41822,24
41823,26
41824,20
41825,29
41826,35
41827,30
41828,24
41829,24
41830,20
41831,23
41832,25
41833,29
41834,22
41835,23
41836,15
41837,31
41838,23
41839,43
41840,20
41841,27
41842,37
41843,18
41844,26
41845,19
41846,26
41847,37
41848,22
41849,31
41850,17
41851,21
41852,21
41853,36
41854,27
41855,21
41856,25
41857,28
41858,21
41859,22
41860,21
41861,31
41862,21
41863,20
41864,9
41865,21
41866,29
41867,29
41868,19
41869,20
41870,21
41871,24
41872,25
41873,23
41874,19
41875,22
41876,27
41877,16
41878,21
41879,31
41880,35
41881,41
41882,28
41883,26
41884,26
41885,23
41886,27
41887,37
41888,26
41889,23
41890,23
41891,28
41892,19
41893,19
41894,20
41895,25
41896,22
41897,27
41898,27
41899,20
41900,29
41901,25
41902,36
41903,27
41904,24
41905,31
41906,33
41907,29
41908,19
41909,26
41910,31
41911,29
41912,21
41913,27
41914,12
41915,16
41916,25
41917,29
41918,19
41919,16
41920,17
41921,25
41922,13
41923,26
41924,26
41925,22
41926,20
41927,29
41928,11
41929,28
41930,32
41931,22
41932,24
41933,18
41934,19
41935,14
41936,25
41937,32
41938,28
41939,30
41940,19
41941,26
41942,21
41943,15
41944,24
41945,10
41946,17
41947,24
41948,15
41949,18
41950,36
41951,37
41952,31
41953,17
41954,27
41955,20
41956,19
41957,15
41958,31
41959,34
41960,13
41961,23
41962,11
41963,31
41964,18
41965,35
41966,33
41967,13
41968,12
41969,11
41970,10
41971,23
41972,34
41973,34
41974,17
41975,20
41976,23
41977,23
41978,25
41979,14
41980,11
41981,27
41982,3
41983,16
41984,23
41985,18
41986,28
41987,26
41988,26
41989,19
41990,22
41991,22
41992,9
41993,26
41994,14
41995,22
41996,11
41997,5
41999,23
42000,25
42001,30
42002,24
42003,15
42004,23
42005,16
42006,23
42007,16
42008,20
42009,24
42010,7
42011,21
42012,21
42013,28
42014,45
42015,28
42016,22
42017,29
42018,25
42019,40
42020,27
42021,48
42022,17
42023,34
42024,28
42025,37
42026,29
42027,40
42028,9
42029,32
42030,13
42032,16
42033,23
42034,9
42035,27
42036,24
42037,7
42038,13
42039,15
42040,20
42041,28
42042,37
42043,22
42044,4
42045,23
42046,16
42047,15
42048,17
42049,27
42050,1
42051,23
42052,4
42053,28
42054,12
42055,28
42056,22
42057,7
42058,21
42059,12
42060,14
42061,19
42062,16
42063,34
42064,11
42065,18
42066,19
42067,20
42068,13
42069,27
42070,23
42071,34
42072,17
42073,24
42074,15
42075,20
42076,22
42077,20
42078,25
42079,24
42080,16
42081,13
42082,11
42083,23
42084,17
42085,38
42086,26
42087,28
42088,28
42089,14
42090,26
42091,30
42092,30
42093,18
42094,19
42095,19
42096,19
42097,31
42098,21
42099,7
42100,14
42101,22
42102,13
42103,21
42104,10
42105,25
42106,27
42107,15
42108,26
42109,21
42110,25
42111,20
42112,23
42113,24
42114,17
42115,21
42116,14
42117,12
42118,18
42119,22
42120,14
42121,31
42122,17
42123,19
42124,21
42125,28
42126,22
42127,23
42128,14
42129,26
42130,13
42131,27
42132,16
42133,33
42134,18
42135,14
42136,10
42137,12
42138,17
42139,25
42140,33
42141,32
42142,16
42143,12
42144,19
42145,26
42146,29
42147,26
42148,28
42149,19
42150,18
42151,17
42152,37
42153,19
42154,14
42155,17
42156,17
42157,18
42158,25
42159,20
42160,28
42161,27
42162,24
42163,21
42164,33
42165,13
42166,18
42167,23
42168,22
42169,23
42170,17
42171,24
42172,18
42173,23
42174,15
42175,30
42176,12
42177,21
42178,21
42179,24
42180,15
42181,24
42182,23
42183,14
42184,12
42185,18
42186,19
42187,18
42188,24
42189,12
42190,27
42191,26
42192,25
42193,21
42194,21
42195,30
42196,29
42197,27
42198,25
42199,20
42200,20
42201,17
42202,22
42203,33
42204,25
42205,23
42206,24
42207,16
42208,27
42209,29
42210,39
42211,28
42212,18
42213,21
42214,16
42215,22
42216,21
42217,33
42218,29
42219,24
42220,17
42221,38
42222,40
42223,37
42224,47
42225,35
42226,39
42227,16
42228,20
42229,17
42230,27
42231,33
42232,23
42233,26
42234,27
42235,15
42236,29
42237,26
42238,23
42239,40
42240,26
42241,33
42242,25
42243,31
42244,27
42245,36
42246,28
42247,30
42248,21
42249,20
42250,33
42251,33
42252,52
42253,38
42254,44
42255,24
42256,19
42257,19
42258,22
42259,39
42260,36
42261,34
42262,24
42263,34
42264,29
42265,22
42266,33
42267,29
42268,34
42269,36
42270,36
42271,34
42272,30
42273,41
42274,35
42275,32
42276,28
42277,14
42278,21
42279,10
42280,19
42281,15
42282,22
42283,26
42284,27
42285,30
42286,22
42287,38
42288,37
42289,32
42290,25
42291,20
42292,17
42293,22
42294,28
42295,24
42296,27
42297,24
42298,27
42299,24
42300,21
42301,30
42302,25
42303,24
42304,25
42305,23
42306,30
42307,44
42308,38
42309,48
42310,25
42311,17
42312,19
42313,24
42314,20
42315,32
42316,30
42317,23
42318,25
42319,34
42320,14
42321,18
42322,26
42323,21
42324,15
42325,18
42326,13
42327,20
42328,5
42329,33
42330,14
42331,26
42332,23
42333,22
42334,6
42335,34
42336,13
42337,24
42338,36
42339,11
42340,9
42341,22
42342,22
42343,14
42344,16
42345,29
42346,17
42347,21
42348,23
42349,26
42350,24
42351,17
42352,15
42353,18
42354,30
42355,8
42356,19
42357,27
42358,22
42359,25
42360,16
42361,8
42362,5
42363,1
42364,12
42365,23
42366,32
42367,13
42368,25
42369,23
